id,emp_name,city,performance
1,Anirudh,Chennai,33.333333333333336
2,Michael,Madurai,26.666666666666668
3,Adhi,Coimbatore,33.333333333333336
4,Hari,Redhill,26.666666666666668
5,Kevin,Newyork,26.666666666666668
